candidate_id,rank,score,reasoning
CAND_0043228,1,0.812132,"With 6.8 years of experience, this candidate has successfully owned the ranking layer for an e-commerce search product, demonstrating solid experience in the key areas outlined in the job description.; 6.8y experience; limited skill overlap; highly responsive/active"
CAND_0000031,2,0.781893,Highly relevant experience with hands-on leadership in migrating to embedding-based retrieval; possesses significant expertise in ranking models. Excellent fit for the role.; 6.0y experience; limited skill overlap; highly responsive/active
CAND_0061257,3,0.781156,"Extensive production experience with ranking and retrieval systems at scale, indicating a strong ability to own the intelligence layer. Familiarity with practical challenges faced in deployment aligns well with the role.; 8.0y experience; limited skill overlap; highly responsive/active"
CAND_0018499,4,0.77298,"With 7.2 years of experience, this candidate has designed a hybrid retrieval system serving 50M+ queries and has a strong background in evaluation metrics, making them a great fit for the role.; 7.2y experience; limited skill overlap; highly responsive/active"
CAND_0042029,5,0.772509,"With strong experience in building search and ranking systems, including production deployment of embeddings and evaluation frameworks, this candidate aligns well with the role requirements. Their experience at Flipkart also adds credibility in a product company environment.; 6.5y experience; limited skill overlap; highly responsive/active"
CAND_0005649,6,0.772404,"Brings extensive experience in building semantic search infrastructure and evaluation frameworks, aligning closely with the job requirements.; 7.4y experience; limited skill overlap; highly responsive/active"
CAND_0041669,7,0.770107,Strong production experience in recommendation systems with successful tracking of metrics. Proven ability to adapt existing systems shows readiness for a leadership role.; 8.0y experience; limited skill overlap; highly responsive/active
CAND_0068811,8,0.767931,Strong background in embeddings-based retrieval and hands-on experience with evaluation metrics. Directly relevant production experience in recommendation systems and a good balance of technical skills.; 8.0y experience; limited skill overlap; highly responsive/active
CAND_0094759,9,0.766531,The candidate has substantial experience in search and ranking systems with proven successes in improving NDCG scores and scaling to high query rates. Their leadership experience enhances their fit for the senior role.; 8.6y experience; limited skill overlap; highly responsive/active
CAND_0096172,10,0.763998,"With 5.2 years of production experience, this candidate has developed a semantic search feature using embeddings and FAISS, showcasing strong NLP skills and hands-on experience in evaluation, making them a solid fit.; 5.2y experience; limited skill overlap; highly responsive/active"
CAND_0017960,11,0.763896,"This candidate has strong experience in NLP, recommendation systems, and has built semantic search infrastructure, making them a highly qualified fit for the responsibilities outlined in the role.; 7.7y experience; limited skill overlap; highly responsive/active"
CAND_0029367,12,0.763264,Proven leadership in developing semantic search features and extensive hands-on experience with retrieval systems. Their background in NLP and team management aligns well with the responsibilities outlined in the job description.; 5.7y experience; limited skill overlap; highly responsive/active
CAND_0094056,13,0.761689,"Strong match with 5.9 years of experience specifically in NLP and recommendation systems. Has hands-on experience with embeddings-based retrieval and has developed production ranking systems, making them a strong contender for the role.; 5.9y experience; limited skill overlap; highly responsive/active"
CAND_0030953,14,0.759549,"With 7.8 years of experience and proven work in embedding-based retrieval, this candidate has strong qualifications and is a strong contender for the role.; 7.8y experience; limited skill overlap; highly responsive/active"
CAND_0009024,15,0.758151,"The candidate has solid experience in search and ranking systems, including embedding-based retrieval and a proven ability to manage evaluation frameworks, making them a strong contender for the role.; 5.2y experience; limited skill overlap; highly responsive/active"
CAND_0092278,16,0.753744,"This candidate's experience in similar roles, particularly with their focus on retrieval and ranking architecture, presents a good match for the position. Their familiarity with production environments at leading companies adds weight to their profile.; 6.8y experience; limited skill overlap; highly responsive/active"
CAND_0083879,17,0.752692,"With 7.1 years of experience in building ML-powered features for production, including a strong focus on NLP and semantic search infrastructure using sentence-transformers and FAISS, this candidate directly aligns with the role's requirements. They have a solid academic background and practical exposure to production challenges.; 7.1y experience; limited skill overlap; highly responsive/active"
CAND_0014440,18,0.752515,This candidate has 6.4 years of experience with a strong focus on embedding-based retrieval and has led a team in migrating to such systems. Their operational experience with A/B testing and retraining schedules makes them an excellent fit for the position.; 6.4y experience; limited skill overlap; highly responsive/active
CAND_0005260,19,0.745779,"This candidate has 5.2 years of experience and has effectively driven RAG strategies in production, although they have slightly less experience than preferred.; 5.2y experience; limited skill overlap; highly responsive/active"
CAND_0042506,20,0.74529,"This candidate possesses a strong background in search and ranking, successfully implementing a retrieval system and showcasing required skills like evaluation frameworks. They are a strong potential fit for the role.; 4.2y experience; limited skill overlap; highly responsive/active"
CAND_0052328,21,0.743021,This candidate brings 6.5 years of experience and a strong focus on recommendation systems. Their proven track record of debugging production ranking issues adds to their fitting profile.; 6.5y experience; limited skill overlap; highly responsive/active
CAND_0064326,22,0.738218,"With 7.6 years of experience, this candidate has a solid background in shipping ML features and owns an eval framework for RAG-type features. Their expertise in ranking systems and production deployment aligns well with the role's requirements.; 7.6y experience; limited skill overlap; highly responsive/active"
CAND_0045250,23,0.737264,"Demonstrated strong capabilities in ranking systems and embedding techniques, with a focus on A/B testing and operational aspects of ML deployment. Experience with offline-online correlations adds to their fit for the role.; 6.6y experience; limited skill overlap; highly responsive/active"
CAND_0093193,24,0.736466,"With a strong background in building ranking and retrieval systems, this candidate demonstrates the ability to connect users with relevant information effectively. Their emphasis on practical experience over theoretical work aligns well with the role.; 7.9y experience; limited skill overlap; highly responsive/active"
CAND_0061265,25,0.736281,"Strong experience in ranking systems and embedding-based retrieval, with hands-on knowledge of operational aspects like evaluation and deployment. Has relevant production experience and a focus on evaluation rigor.; 6.6y experience; limited skill overlap; highly responsive/active"
CAND_0050454,26,0.732408,"With 6.8 years of experience and hands-on leadership in embedding-based retrieval, this candidate is a strong fit for the role. Their commitment to evaluation rigor is a plus for the intelligence layer ownership.; 6.8y experience; limited skill overlap; highly responsive/active"
CAND_0091534,27,0.731662,"With 7.2 years of experience, the candidate has directly led the transition to embedding-based retrieval and owns the ranking layer for search products, making them an excellent fit for the role. Their comprehensive experience in A/B testing and operational aspects of ML further strengthens their candidacy.; 16.6y experience; limited skill overlap; highly responsive/active"
CAND_0039383,28,0.731112,"Candidate has substantial experience with NLP and retrieval systems, successfully building a semantic search infrastructure, which aligns closely with the role's responsibilities. Their expertise in evaluation and ranking models makes them a strong fit.; 7.1y experience; limited skill overlap; highly responsive/active"
CAND_0087630,29,0.726782,Experience in building RAG-based features and strong operational skills in evaluation and deployment. Background in collaborative filtering and ranking models makes them a good fit for the role.; 7.2y experience; limited skill overlap; highly responsive/active
CAND_0058575,30,0.725407,"With 5.8 years in ML and experience running an evaluation framework for a retrieval-augmented generation (RAG) product, this candidate demonstrates both hands-on and operational skills relevant to the role.; 5.8y experience; limited skill overlap; highly responsive/active"
CAND_0006567,31,0.720136,"This candidate has a strong background in information retrieval and ranking systems; however, their experience appears to be more generalized, which may not align perfectly with the role.; 7.9y experience; limited skill overlap; highly responsive/active"
CAND_0064904,32,0.71835,Significant hands-on experience with production ML pipelines and a direct focus on embedding-based retrieval. Proven leadership in migrating systems reflects readiness for the responsibilities outlined in the role.; 4.9y experience; limited skill overlap; highly responsive/active
CAND_0007009,33,0.714417,"This candidate has strong experience in ML and has already shipped a RAG-based feature, demonstrating the necessary skills in building and evaluating production systems. They possess the technical expertise required for the Senior AI Engineer role.; 7.9y experience; limited skill overlap; highly responsive/active"
CAND_0079284,34,0.711416,"With 4.9 years of solid experience in migrating to embedding-based retrieval systems and a strong understanding of ranking models, this candidate aligns well with the needs of the position.; 4.9y experience; limited skill overlap; highly responsive/active"
CAND_0079064,35,0.710845,"This candidate has relevant experience in semantic search and ranking features but has only 5.2 years of experience, which is slightly below the preferred range. However, their hands-on experience with evaluation and real-world systems makes them a potential fit.; 5.2y experience; limited skill overlap; highly responsive/active"
CAND_0037000,36,0.709988,"This candidate has experience in both embedding-based retrieval and building evaluation frameworks, making them a strong match for the position. Their role at Unacademy demonstrates production-level expertise in search systems.; 2.7y experience; limited skill overlap; highly responsive/active"
CAND_0006418,37,0.707903,"With strong experience in ranking models and owned evaluation frameworks, this candidate closely matches the role's requirements, although they are slightly below the ideal years of experience.; 5.7y experience; limited skill overlap; highly responsive/active"
CAND_0068351,38,0.704114,"With experience in building search and discovery infrastructures, this candidate shows good alignment with the job description, but additional specifics on embeddings and vector databases would strengthen their fit.; 6.4y experience; limited skill overlap; highly responsive/active"
CAND_0046525,39,0.702803,"Although this candidate has relevant experience, the duration and complexity of their projects seem less than ideal compared to the stronger candidates, marking them as a potential fit but not as preferred for a senior role.; 6.1y experience; limited skill overlap; highly responsive/active"
CAND_0011432,40,0.702328,"Candidate has nearly 8 years of experience and has actively led ML teams, delivering multiple ranking models and conducting thorough evaluation analyses. They possess a solid understanding of applied ML, making them a strong contender for this position.; 7.6y experience; limited skill overlap; highly responsive/active"
CAND_0003977,41,0.701923,"This candidate has strong experience with embedding-based retrieval, including semantic search, and understands evaluation rigor, making them a good match for the role.; 4.6y experience; limited skill overlap; highly responsive/active"
CAND_0016163,42,0.701754,"Candidate has solid experience with ML-powered features and recently led a migration to embedding-based retrieval. They demonstrate strong production experience, but may lack some specific evaluation framework design experience.; 6.7y experience; limited skill overlap; highly responsive/active"
CAND_0037566,43,0.699334,"This candidate has hands-on experience building ML-powered features, including a RAG-based feature, and possesses a strong background in ranking and retrieval systems. They align well with both technical and managerial aspects of the role, demonstrating the necessary skills to own the intelligence layer.; 6.9y experience; limited skill overlap; highly responsive/active"
CAND_0007412,44,0.696529,"Demonstrates relevant experience in implementing a customer support chatbot and evaluation metrics, making them a good fit for the role.; 7.4y experience; limited skill overlap; highly responsive/active"
CAND_0066376,45,0.685714,Has solid experience in recommendation systems but lacks in some essential areas like robustness in evaluation metrics for large-scale applications. May need support in scaling responsibilities.; 5.7y experience; limited skill overlap; highly responsive/active
CAND_0096142,46,0.684551,"The candidate has 5.0 years of experience in ML systems focused on recommendation engines and has practical hands-on experience with A/B testing and retraining schedules. They are well-versed in required technologies and match the experience criteria, though on the lower end.; 5.0y experience; limited skill overlap; highly responsive/active"
CAND_0026532,47,0.684291,"Strong background in recommendation systems and production experience with embeddings-based retrieval; aligns well with the responsibilities of the role. However, slightly below the required experience range.; 4.8y experience; limited skill overlap; highly responsive/active"
CAND_0019480,48,0.681633,"The candidate has 7.4 years of relevant experience in implementing embedding-based retrieval and focuses on evaluation rigor, which is crucial for this role. Their role in training and shipping ranking models aligns well with the job requirements.; 2.8y experience; limited skill overlap; highly responsive/active"
CAND_0017093,49,0.678474,"The candidate has 5.9 years of applied machine learning experience and is comfortable with Python and modeling, showing potential for further growth in AI systems. They are a good fit for the role, though they still need more end-to-end ownership experience.; 5.9y experience; limited skill overlap; highly responsive/active"
CAND_0075574,50,0.678406,"Candidate has solid experience in ML and NLP, successfully leading the evolution of a ranking layer to a learning-to-rank model in production. They are well-versed in building and owning evaluation frameworks and have a strong applied background.; 5.7y experience; limited skill overlap; highly responsive/active"
CAND_0089470,51,0.677358,"This candidate has 6.5 years of experience in applied ML with a focus on predictive modeling and has begun working towards deeper AI system-building, which aligns with the role's requirements.; 6.5y experience; limited skill overlap; highly responsive/active"
CAND_0089546,52,0.676573,"This candidate has nearly 5 years of relevant experience in ML, particularly in recommendation systems, and has shipped RAG-based features, which aligns well with the job description. They possess strong foundational skills in ML and evaluation frameworks.; 4.8y experience; limited skill overlap; highly responsive/active"
CAND_0010257,53,0.674478,"With 6.5 years of experience and a focus on embedding-based retrieval, this candidate fits the core responsibilities well. Their background in model monitoring may add value to the evaluation infrastructure.; 6.5y experience; limited skill overlap; highly responsive/active"
CAND_0082262,54,0.673891,Candidate has 5.9 years of experience in ML engineering with strong proficiency in Python and some exposure to NLP and deployment workflows. Closest to the ideal profile but still lacks full experience with ranking systems and production deployments.; 5.9y experience; limited skill overlap; highly responsive/active
CAND_0081852,55,0.672987,"Competent experience in NLP-driven search systems and a solid foundation in evaluation practices. However, a need for deeper experience with LLMs and hybrid retrieval systems could limit immediate contributions.; 5.9y experience; limited skill overlap; highly responsive/active"
CAND_0091909,56,0.657588,"The candidate has experience in recommendation systems and has been a team lead, indicating leadership potential. They also have a strong grasp of ML processes and a solid understanding of retrieval and evaluation metrics which fits well with the job's requirements.; 6.9y experience; limited skill overlap; highly responsive/active"
CAND_0051004,57,0.65311,"While this candidate has experience in embedding-based retrieval and has built models in production, their overall experience is slightly below the ideal range for seniority. Their role at CRED might not entirely meet the depth required for this position.; 4.7y experience; limited skill overlap; highly responsive/active"
CAND_0020877,58,0.64857,"This candidate has 5.1 years of experience along with hands-on skills in semantic search and evaluation, making them a reasonable fit for the role. However, they are less experienced compared to ideal candidates.; 5.1y experience; limited skill overlap; highly responsive/active"
CAND_0027801,59,0.646303,"The candidate has 7.4 years of experience in building ML-powered features, including shipping a RAG-based feature and owning evaluation frameworks. Their skills align well with the role's requirements, making them a strong candidate.; 7.4y experience; limited skill overlap; highly responsive/active"
CAND_0015578,60,0.642225,"This candidate has relevant experience with recommendation systems and has worked with embeddings and A/B testing frameworks. However, their current experience is slightly below the desired years of expertise for this senior role.; 5.4y experience; limited skill overlap; highly responsive/active"
CAND_0066999,61,0.640941,"Proven experience in ranking models and evaluation workflows matches many of the job requirements, though slightly less domain-specific.; 5.9y experience; limited skill overlap; highly responsive/active"
CAND_0012957,62,0.635957,"With a solid background in NLP and recommendation systems, the candidate has hands-on experience in embeddings-based retrieval and ranking systems but falls slightly short on the required years of experience.; 4.9y experience; limited skill overlap; highly responsive/active"
CAND_0033911,63,0.632575,"This candidate has nearly 7 years of experience in analytics and ML, with a focus on NLP pipelines and a solid understanding of Python and MLOps. However, they still need more exposure to hybrid search systems and embedding-based retrieval in a production setting.; 6.9y experience; limited skill overlap; highly responsive/active"
CAND_0087364,64,0.632494,"This candidate has 4.9 years of experience that slightly falls short of the ideal but shows good skills in ranking and retrieval. Their recent work with pipelines can contribute positively, though they may need more depth in some areas.; 4.9y experience; limited skill overlap; highly responsive/active"
CAND_0054123,65,0.630611,"Candidate has strong experience with ML-powered features and has led a small team, but has only 4.7 years of experience, falling short of the required 5 years. Experience in building recommendation systems aligns well with the role.; 4.7y experience; limited skill overlap; highly responsive/active"
CAND_0066791,66,0.629739,"Moderate fit; has 5.6 years of experience in ML but lacks explicit experience with ranking systems, LLM fine-tuning, and real-time evaluation metrics.; 5.6y experience; limited skill overlap; highly responsive/active"
CAND_0011327,67,0.629238,"With 6.3 years of applied machine learning experience, particularly in production and modeling, the candidate is closer to fit but still lacks the depth in retrieval and ranking required for the role.; 6.3y experience; limited skill overlap; highly responsive/active"
CAND_0081480,68,0.626508,"This candidate has 5.6 years of experience in ML with a focus on NLP, showing potential in technical capabilities but lacks direct experience in embeddings-based techniques and ranking systems.; 5.6y experience; limited skill overlap; highly responsive/active"
CAND_0065927,69,0.626296,"This candidate has relevant experience in ML with 6.5 years in the field, and while they have not worked specifically on embeddings or rankings, their background is closer to the requirements.; 6.5y experience; limited skill overlap; highly responsive/active"
CAND_0007460,70,0.623939,"While experienced in ML-powered features and e-commerce ranking systems, the candidate does not meet the experience threshold and specifics required in hybrid retrieval and embeddings-based systems.; 4.7y experience; limited skill overlap; highly responsive/active"
CAND_0010603,71,0.623245,"This candidate has 5.3 years of experience in ML with hands-on work in deploying models, presenting a strong fit for a role in a growing AI team, though they may need more experience in ranking systems.; 5.3y experience; limited skill overlap; highly responsive/active"
CAND_0064270,72,0.617703,"This engineer possesses foundational skills in building ML-powered systems and experience with semantic search, but lacks the required extensive background in embedding systems and ranking frameworks needed for this position.; 4.2y experience; limited skill overlap; highly responsive/active"
CAND_0009837,73,0.608502,"Some relevant experience in ranking and A/B testing, yet on the lower end of the experience spectrum. Limited exposure to scaling projects may hinder effectiveness in a senior role.; 4.3y experience; limited skill overlap; highly responsive/active"
CAND_0004402,74,0.604441,"Has relevant experience in applied ML and analytics, but lacks a strong emphasis on embedding-based retrieval and evaluation frameworks directly tied to ranking systems. Limited production experience with end-to-end ranking systems.; 6.0y experience; limited skill overlap; highly responsive/active"
CAND_0046353,75,0.599446,Candidate has 6.4 years of applied ML experience with solid production engineering skills but lacks specific experience in embeddings-based retrieval and ranking systems. Their ambition to grow into senior AI engineering suggests potential but may not fit the immediate needs.; 6.4y experience; limited skill overlap; highly responsive/active
CAND_0087006,76,0.597258,"With 5.7 years of experience as a Senior Software Engineer focusing on ML production, the candidate has relevant experience but still lacks specific exposure to embeddings-based ranking systems essential for the role. They show potential to grow, but current qualifications may not fully meet the needs.; 5.7y experience; limited skill overlap; highly responsive/active"
CAND_0027691,77,0.595237,"With 6.5 years of experience focused on ML features, this candidate possesses knowledge of recommendation systems but lacks strong retrieval or ranking experience.; 6.5y experience; limited skill overlap; highly responsive/active"
CAND_0071939,78,0.581695,Candidate has solid experience (6.4 years) in applied machine learning but lacks the desired expertise in embeddings-based retrieval and ranking systems at scale.; 6.4y experience; limited skill overlap; highly responsive/active
CAND_0010541,79,0.581572,Candidate has 6.2 years of experience and some relevant production work but lacks strong embedding and ranking system experience. More aligned with the requirements but still lacks critical experience.; 6.2y experience; limited skill overlap; highly responsive/active
CAND_0033987,80,0.581269,"Candidate has 6.8 years of experience and a background in applied machine learning, but lacks hands-on experience with key areas like embeddings and ranking systems. Although they show promise, they currently do not meet the production-level experience required.; 6.8y experience; limited skill overlap; highly responsive/active"
CAND_0065514,81,0.57995,"The candidate has solid experience in applied machine learning, especially in NLP, but lacks the specific production experience with embeddings-based retrieval systems and vector databases required for the role.; 6.6y experience; limited skill overlap; highly responsive/active"
CAND_0010149,82,0.578705,"With nearly 7 years of experience in ML engineering and a focus on predictive modeling, the candidate has potential, but lacks the specific experience needed in embeddings and large-scale systems.; 6.9y experience; limited skill overlap; highly responsive/active"
CAND_0067717,83,0.577385,"The candidate has 6.9 years of experience and has worked on recommendation features but has limited exposure to deep-learning approaches and firsthand experience in retrieval systems. While they show potential, they don't fulfill the specific production experience requirements and thus are not a fit.; 6.9y experience; limited skill overlap; highly responsive/active"
CAND_0004972,84,0.577192,"Experience in ML and NLP with some applied projects, but lacks depth in embeddings and production-level infrastructure for ranking systems. This candidate shows potential but doesn't fully meet the criteria.; 6.0y experience; limited skill overlap; highly responsive/active"
CAND_0099269,85,0.577149,CAND_0099269 has 5.5 years of experience focusing on recommendation systems but still lacks deep technical experience in the required areas such as embeddings and vector databases. They have a strong interest in advancing their skills but do not completely fit the criteria.; 5.5y experience; limited skill overlap; highly responsive/active
CAND_0067403,86,0.575258,Candidate has relevant ML experience and has worked on recommendation systems but lacks depth in key areas like retrieval and ranking. They are closer to the role's requirements but still need significant development.; 4.6y experience; limited skill overlap; highly responsive/active
CAND_0076412,87,0.575169,"Candidate has 5.8 years of experience and has worked on ML models, but lacks depth in engineering and infrastructure needed for the role. They show interest in transitioning to senior AI engineering, but do not meet the required level of experience.; 5.8y experience; limited skill overlap; highly responsive/active"
CAND_0072688,88,0.575147,"With 6.9 years of experience, this candidate has a reasonable background in modeling and has worked on NLP pipelines, showing some applicability to the role; however, they still lack direct experience with embeddings, retrieval systems, and the specific engineering skills required for this position.; 6.9y experience; limited skill overlap; highly responsive/active"
CAND_0068932,89,0.572852,"Candidate has 5.2 years of experience and familiarity with ML and NLP work, but lacks significant production deployment of ranking systems and vector databases.; 5.2y experience; limited skill overlap; highly responsive/active"
CAND_0059795,90,0.572834,"Candidate has a solid foundation in applied machine learning with some experience in ML model deployment, but lacks specific experience with embeddings-based retrieval and ranking systems.; 5.6y experience; limited skill overlap; highly responsive/active"
CAND_0033842,91,0.572618,Candidate has 5.8 years of experience in applied ML but focuses heavily on modeling rather than broader engineering work. Would need to develop skills in retrieval and ranking systems for the role.; 5.8y experience; limited skill overlap; highly responsive/active
CAND_0043676,92,0.571725,The candidate has 6.1 years of experience and a focus on recommendation systems but lacks deeper involvement in LLMs and ranking systems. They may grow into the role but do not entirely meet the expectations.; 6.1y experience; limited skill overlap; highly responsive/active
CAND_0008049,93,0.571471,"The candidate has significant experience in applied ML, including NLP-based pipelines, and is seeking to step up to larger systems, which aligns well with the role. However, their limited experience in end-to-end ML systems may raise concerns.; 6.3y experience; limited skill overlap; highly responsive/active"
CAND_0008295,94,0.571246,"The candidate possesses relevant ML experience and has worked on recommendation systems, but lacks the necessary production experience in retrieval and advanced ranking systems.; 6.5y experience; limited skill overlap; highly responsive/active"
CAND_0036121,95,0.570393,"This candidate has 5.2 years of experience in applied machine learning, with a focus on modeling and some deployment experience, but lacks specific expertise in the necessary ranking and retrieval systems. They show potential but do not fully meet the role’s qualifications.; 5.2y experience; limited skill overlap; highly responsive/active"
CAND_0008517,96,0.570182,"The candidate has relevant experience but lacks the depth in production ML systems and engineering skills, which are critical for this role. Their focus seems more analytics-oriented rather than on robust ML system design.; 5.6y experience; limited skill overlap; highly responsive/active"
CAND_0066884,97,0.568888,"The candidate has a solid foundation in applied machine learning and experience in predictive modeling and analytics. However, they lack specific experience with embeddings-based retrieval and large-scale ranking systems, which are critical for the role.; 5.5y experience; limited skill overlap; highly responsive/active"
CAND_0005477,98,0.568754,"This candidate has relevant experience in applied machine learning and expressed interest in LLMs and retrieval, although they still need to strengthen their skills in production-level AI solutions.; 6.2y experience; limited skill overlap; highly responsive/active"
CAND_0089498,99,0.568094,"With 5.8 years in applied ML and experience in predictive modeling, this candidate shows potential, but lacks direct experience with production-level ranking systems and retrieval techniques.; 5.8y experience; limited skill overlap; highly responsive/active"
CAND_0076831,100,0.567912,"Candidate has built semantic search infrastructure and demonstrated operational skills like A/B testing, which are relevant. However, their experience is not as extensive in large-scale ranking or retrieval systems as preferred for this role.; 4.0y experience; limited skill overlap; highly responsive/active"
